SerialNum,Season,Name,ISOTime,Latitude,Longitude,Wind,Deaths
1900239N15318,1900,UNNAMED,8/27/1900 0:00,15.0,-42.1,35,10000
1900239N15318,1900,UNNAMED,8/27/1900 6:00,15.2,-43.4,35,10000
1900239N15318,1900,UNNAMED,8/27/1900 12:00,15.3,-44.7,35,10000
1900239N15318,1900,UNNAMED,8/27/1900 18:00,15.4,-45.6,35,10000
1900239N15318,1900,UNNAMED,8/28/1900 0:00,15.6,-46.6,35,10000
1900239N15318,1900,UNNAMED,8/28/1900 6:00,15.8,-47.9,35,10000
1900239N15318,1900,UNNAMED,8/28/1900 12:00,16.0,-49.1,35,10000
1900239N15318,1900,UNNAMED,8/28/1900 18:00,16.1,-50.3,35,10000
1900239N15318,1900,UNNAMED,8/29/1900 0:00,16.3,-51.4,35,10000
1900239N15318,1900,UNNAMED,8/29/1900 6:00,16.4,-52.4,35,10000
1900239N15318,1900,UNNAMED,8/29/1900 12:00,16.5,-53.7,40,10000
1900239N15318,1900,UNNAMED,8/29/1900 18:00,16.6,-55.1,40,10000
1900239N15318,1900,UNNAMED,8/30/1900 0:00,16.8,-56.6,40,10000
1900239N15318,1900,UNNAMED,8/30/1900 6:00,16.9,-58.0,40,10000
1900239N15318,1900,UNNAMED,8/30/1900 12:00,17.0,-59.3,45,10000
1900239N15318,1900,UNNAMED,8/30/1900 18:00,17.0,-60.6,45,10000
1900239N15318,1900,UNNAMED,8/31/1900 0:00,17.1,-61.9,45,10000
1900239N15318,1900,UNNAMED,8/31/1900 6:00,17.2,-63.3,45,10000
1900239N15318,1900,UNNAMED,8/31/1900 12:00,17.3,-64.7,45,10000
1900239N15318,1900,UNNAMED,8/31/1900 18:00,17.4,-65.6,45,10000
1900239N15318,1900,UNNAMED,9/1/1900 0:00,17.5,-66.4,45,10000
1900239N15318,1900,UNNAMED,9/1/1900 6:00,17.6,-67.4,45,10000
1900239N15318,1900,UNNAMED,9/1/1900 12:00,17.7,-68.3,45,10000
1900239N15318,1900,UNNAMED,9/1/1900 18:00,18.0,-69.2,40,10000
1900239N15318,1900,UNNAMED,9/2/1900 0:00,18.3,-70.3,40,10000
1900239N15318,1900,UNNAMED,9/2/1900 6:00,18.7,-71.3,35,10000
1900239N15318,1900,UNNAMED,9/2/1900 12:00,19.0,-72.3,35,10000
1900239N15318,1900,UNNAMED,9/2/1900 18:00,19.3,-73.2,35,10000
1900239N15318,1900,UNNAMED,9/3/1900 0:00,19.5,-74.1,35,10000
1900239N15318,1900,UNNAMED,9/3/1900 6:00,19.7,-75.0,35,10000
1900239N15318,1900,UNNAMED,9/3/1900 12:00,20.0,-76.0,35,10000
1900239N15318,1900,UNNAMED,9/3/1900 18:00,20.3,-76.6,35,10000
1900239N15318,1900,UNNAMED,9/4/1900 0:00,20.6,-77.2,35,10000
1900239N15318,1900,UNNAMED,9/4/1900 6:00,21.0,-77.7,35,10000
1900239N15318,1900,UNNAMED,9/4/1900 12:00,21.3,-78.3,35,10000
1900239N15318,1900,UNNAMED,9/4/1900 18:00,21.6,-78.9,35,10000
1900239N15318,1900,UNNAMED,9/5/1900 0:00,22.0,-79.5,35,10000
1900239N15318,1900,UNNAMED,9/5/1900 6:00,22.4,-80.1,35,10000
1900239N15318,1900,UNNAMED,9/5/1900 12:00,23.0,-80.7,45,10000
1900239N15318,1900,UNNAMED,9/5/1900 18:00,23.5,-81.5,55,10000
1900239N15318,1900,UNNAMED,9/6/1900 0:00,24.1,-82.3,60,10000
1900239N15318,1900,UNNAMED,9/6/1900 6:00,24.8,-83.2,65,10000
1900239N15318,1900,UNNAMED,9/6/1900 12:00,25.5,-84.1,75,10000
1900239N15318,1900,UNNAMED,9/6/1900 18:00,26.1,-85.2,85,10000
1900239N15318,1900,UNNAMED,9/7/1900 0:00,26.5,-86.2,95,10000
1900239N15318,1900,UNNAMED,9/7/1900 6:00,26.8,-87.4,105,10000
1900239N15318,1900,UNNAMED,9/7/1900 12:00,27.0,-88.7,115,10000
1900239N15318,1900,UNNAMED,9/7/1900 18:00,27.2,-89.7,125,10000
1900239N15318,1900,UNNAMED,9/8/1900 0:00,27.4,-90.6,125,10000
1900239N15318,1900,UNNAMED,9/8/1900 6:00,27.6,-91.5,125,10000
1900239N15318,1900,UNNAMED,9/8/1900 12:00,27.8,-92.4,120,10000
1900239N15318,1900,UNNAMED,9/8/1900 18:00,28.2,-93.5,120,10000
1900239N15318,1900,UNNAMED,9/9/1900 0:00,28.9,-94.7,120,10000
1900239N15318,1900,UNNAMED,9/9/1900 2:00,29.1,-95.1,120,10000
1900239N15318,1900,UNNAMED,9/9/1900 6:00,29.8,-95.9,90,10000
1900239N15318,1900,UNNAMED,9/9/1900 12:00,31.0,-96.9,65,10000
1900239N15318,1900,UNNAMED,9/9/1900 18:00,32.2,-97.6,50,10000
1900239N15318,1900,UNNAMED,9/10/1900 0:00,33.4,-97.8,45,10000
1900239N15318,1900,UNNAMED,9/10/1900 6:00,34.7,-97.8,40,10000
1900239N15318,1900,UNNAMED,9/10/1900 12:00,36.0,-97.6,35,10000
1900239N15318,1900,UNNAMED,9/10/1900 18:00,37.4,-97.3,30,10000
1900239N15318,1900,UNNAMED,9/11/1900 0:00,38.8,-96.5,30,10000
1900239N15318,1900,UNNAMED,9/11/1900 6:00,40.2,-95.1,30,10000
1963270N08327,1963,FLORA,9/26/1963 12:00,8.0,-33.0,25,7193
1963270N08327,1963,FLORA,9/26/1963 18:00,8.1,-34.8,25,7193
1963270N08327,1963,FLORA,9/27/1963 0:00,8.2,-36.5,25,7193
1963270N08327,1963,FLORA,9/27/1963 6:00,8.3,-38.3,30,7193
1963270N08327,1963,FLORA,9/27/1963 12:00,8.5,-40.0,30,7193
1963270N08327,1963,FLORA,9/27/1963 18:00,8.7,-41.6,30,7193
1963270N08327,1963,FLORA,9/28/1963 0:00,8.8,-43.2,30,7193
1963270N08327,1963,FLORA,9/28/1963 6:00,9.0,-44.7,30,7193
1963270N08327,1963,FLORA,9/28/1963 12:00,9.2,-46.3,30,7193
1963270N08327,1963,FLORA,9/28/1963 18:00,9.5,-47.9,30,7193
1963270N08327,1963,FLORA,9/29/1963 0:00,9.8,-49.5,30,7193
1963270N08327,1963,FLORA,9/29/1963 6:00,9.9,-51.1,30,7193
1963270N08327,1963,FLORA,9/29/1963 12:00,10.0,-52.8,40,7193
1963270N08327,1963,FLORA,9/29/1963 18:00,10.1,-54.4,55,7193
1963270N08327,1963,FLORA,9/30/1963 0:00,10.3,-56.0,70,7193
1963270N08327,1963,FLORA,9/30/1963 6:00,10.4,-57.6,85,7193
1963270N08327,1963,FLORA,9/30/1963 12:00,10.7,-59.1,100,7193
1963270N08327,1963,FLORA,9/30/1963 18:00,11.2,-60.7,105,7193
1963270N08327,1963,FLORA,10/1/1963 0:00,11.6,-62.0,110,7193
1963270N08327,1963,FLORA,10/1/1963 6:00,12.0,-63.3,110,7193
1963270N08327,1963,FLORA,10/1/1963 12:00,12.5,-64.8,115,7193
1963270N08327,1963,FLORA,10/1/1963 18:00,13.0,-66.0,115,7193
1963270N08327,1963,FLORA,10/2/1963 0:00,13.6,-67.3,120,7193
1963270N08327,1963,FLORA,10/2/1963 6:00,14.1,-68.3,120,7193
1963270N08327,1963,FLORA,10/2/1963 12:00,14.6,-69.2,120,7193
1963270N08327,1963,FLORA,10/2/1963 18:00,15.1,-70.0,120,7193
1963270N08327,1963,FLORA,10/3/1963 0:00,15.5,-70.6,120,7193
1963270N08327,1963,FLORA,10/3/1963 6:00,15.9,-71.4,125,7193
1963270N08327,1963,FLORA,10/3/1963 12:00,16.5,-72.0,125,7193
1963270N08327,1963,FLORA,10/3/1963 18:00,17.1,-72.5,125,7193
1963270N08327,1963,FLORA,10/4/1963 0:00,18.0,-73.1,125,7193
1963270N08327,1963,FLORA,10/4/1963 6:00,19.1,-74.2,105,7193
1963270N08327,1963,FLORA,10/4/1963 12:00,19.3,-74.5,105,7193
1963270N08327,1963,FLORA,10/4/1963 18:00,20.3,-74.9,105,7193
1963270N08327,1963,FLORA,10/5/1963 0:00,20.8,-75.9,110,7193
1963270N08327,1963,FLORA,10/5/1963 6:00,20.8,-76.5,110,7193
1963270N08327,1963,FLORA,10/5/1963 12:00,20.8,-76.8,105,7193
1963270N08327,1963,FLORA,10/5/1963 18:00,20.5,-77.0,100,7193
1963270N08327,1963,FLORA,10/6/1963 0:00,20.4,-77.4,100,7193
1963270N08327,1963,FLORA,10/6/1963 6:00,20.3,-77.6,95,7193
1963270N08327,1963,FLORA,10/6/1963 12:00,20.2,-77.9,90,7193
1963270N08327,1963,FLORA,10/6/1963 18:00,20.5,-78.1,85,7193
1963270N08327,1963,FLORA,10/7/1963 0:00,20.6,-78.3,85,7193
1963270N08327,1963,FLORA,10/7/1963 6:00,20.7,-78.2,80,7193
1963270N08327,1963,FLORA,10/7/1963 12:00,20.8,-78.1,80,7193
1963270N08327,1963,FLORA,10/7/1963 18:00,21.0,-78.0,75,7193
1963270N08327,1963,FLORA,10/8/1963 0:00,21.3,-77.7,75,7193
1963270N08327,1963,FLORA,10/8/1963 6:00,21.2,-77.0,75,7193
1963270N08327,1963,FLORA,10/8/1963 12:00,21.1,-76.2,70,7193
1963270N08327,1963,FLORA,10/8/1963 18:00,21.5,-75.4,75,7193
1963270N08327,1963,FLORA,10/9/1963 0:00,21.7,-74.4,75,7193
1963270N08327,1963,FLORA,10/9/1963 6:00,22.3,-72.8,75,7193
1963270N08327,1963,FLORA,10/9/1963 12:00,23.5,-71.6,80,7193
1963270N08327,1963,FLORA,10/9/1963 18:00,25.0,-70.0,85,7193
1963270N08327,1963,FLORA,10/10/1963 0:00,26.0,-68.3,95,7193
1963270N08327,1963,FLORA,10/10/1963 6:00,27.1,-66.5,95,7193
1963270N08327,1963,FLORA,10/10/1963 12:00,28.1,-64.9,100,7193
1963270N08327,1963,FLORA,10/10/1963 18:00,29.9,-62.2,100,7193
1963270N08327,1963,FLORA,10/11/1963 0:00,32.2,-59.8,95,7193
1963270N08327,1963,FLORA,10/11/1963 6:00,34.3,-58.3,90,7193
1963270N08327,1963,FLORA,10/11/1963 12:00,36.2,-57.0,85,7193
1963270N08327,1963,FLORA,10/11/1963 18:00,38.3,-56.0,80,7193
1963270N08327,1963,FLORA,10/12/1963 0:00,40.1,-54.0,80,7193
1963270N08327,1963,FLORA,10/12/1963 6:00,42.0,-52.0,75,7193
1963270N08327,1963,FLORA,10/12/1963 12:00,43.5,-49.8,75,7193
1974258N15295,1974,FIFI,9/14/1974 12:00,15.3,-65.0,30,8210
1974258N15295,1974,FIFI,9/14/1974 18:00,15.7,-66.5,30,8210
1974258N15295,1974,FIFI,9/15/1974 0:00,16.0,-68.0,30,8210
1974258N15295,1974,FIFI,9/15/1974 6:00,16.3,-69.5,30,8210
1974258N15295,1974,FIFI,9/15/1974 12:00,16.5,-71.0,30,8210
1974258N15295,1974,FIFI,9/15/1974 18:00,16.8,-72.5,30,8210
1974258N15295,1974,FIFI,9/16/1974 0:00,17.0,-74.0,30,8210
1974258N15295,1974,FIFI,9/16/1974 6:00,17.0,-75.5,30,8210
1974258N15295,1974,FIFI,9/16/1974 12:00,17.0,-77.0,30,8210
1974258N15295,1974,FIFI,9/16/1974 18:00,17.0,-77.8,35,8210
1974258N15295,1974,FIFI,9/17/1974 0:00,17.0,-78.7,50,8210
1974258N15295,1974,FIFI,9/17/1974 6:00,16.9,-79.5,60,8210
1974258N15295,1974,FIFI,9/17/1974 12:00,16.6,-80.2,70,8210
1974258N15295,1974,FIFI,9/17/1974 18:00,16.4,-81.0,75,8210
1974258N15295,1974,FIFI,9/18/1974 0:00,16.3,-81.7,80,8210
1974258N15295,1974,FIFI,9/18/1974 6:00,16.3,-82.4,85,8210
1974258N15295,1974,FIFI,9/18/1974 12:00,16.3,-83.5,90,8210
1974258N15295,1974,FIFI,9/18/1974 18:00,16.3,-84.7,95,8210
1974258N15295,1974,FIFI,9/19/1974 0:00,16.2,-85.7,95,8210
1974258N15295,1974,FIFI,9/19/1974 6:00,16.1,-86.6,95,8210
1974258N15295,1974,FIFI,9/19/1974 12:00,16.1,-87.5,95,8210
1974258N15295,1974,FIFI,9/19/1974 18:00,16.3,-88.2,90,8210
1974258N15295,1974,FIFI,9/20/1974 0:00,16.7,-89.2,60,8210
1974258N15295,1974,FIFI,9/20/1974 6:00,16.8,-90.5,60,8210
1974258N15295,1974,FIFI,9/20/1974 12:00,16.9,-92.0,45,8210
1974258N15295,1974,FIFI,9/20/1974 18:00,17.0,-93.5,30,8210
1974258N15295,1974,FIFI,9/21/1974 0:00,17.2,-95.0,30,8210
1974258N15295,1974,FIFI,9/21/1974 6:00,17.5,-97.1,30,8210
1974258N15295,1974,FIFI,9/21/1974 12:00,17.5,-99.0,30,8210
1974258N15295,1974,FIFI,9/21/1974 18:00,17.6,-99.8,30,8210
1974258N15295,1974,FIFI,9/22/1974 0:00,17.5,-101.0,35,8210
1974258N15295,1974,FIFI,9/22/1974 6:00,17.7,-102.5,35,8210
1974258N15295,1974,FIFI,9/22/1974 12:00,17.7,-104.3,35,8210
1979238N12324,1979,DAVID,8/25/1979 12:00,11.7,-36.1,25,2068
1979238N12324,1979,DAVID,8/25/1979 18:00,11.7,-38.2,25,2068
1979238N12324,1979,DAVID,8/26/1979 0:00,11.7,-40.3,30,2068
1979238N12324,1979,DAVID,8/26/1979 6:00,11.6,-42.2,35,2068
1979238N12324,1979,DAVID,8/26/1979 12:00,11.6,-44.0,40,2068
1979238N12324,1979,DAVID,8/26/1979 18:00,11.6,-45.5,45,2068
1979238N12324,1979,DAVID,8/27/1979 0:00,11.7,-47.0,55,2068
1979238N12324,1979,DAVID,8/27/1979 6:00,11.8,-48.5,65,2068
1979238N12324,1979,DAVID,8/27/1979 12:00,11.8,-50.0,80,2068
1979238N12324,1979,DAVID,8/27/1979 18:00,11.9,-51.5,95,2068
1979238N12324,1979,DAVID,8/28/1979 0:00,12.2,-52.9,115,2068
1979238N12324,1979,DAVID,8/28/1979 6:00,12.5,-54.4,125,2068
1979238N12324,1979,DAVID,8/28/1979 12:00,12.8,-55.7,130,2068
1979238N12324,1979,DAVID,8/28/1979 18:00,13.2,-56.9,125,2068
1979238N12324,1979,DAVID,8/29/1979 0:00,13.7,-58.0,120,2068
1979238N12324,1979,DAVID,8/29/1979 6:00,14.2,-59.2,120,2068
1979238N12324,1979,DAVID,8/29/1979 12:00,14.8,-60.3,125,2068
1979238N12324,1979,DAVID,8/29/1979 18:00,15.3,-61.6,125,2068
1979238N12324,1979,DAVID,8/30/1979 0:00,15.6,-62.8,130,2068
1979238N12324,1979,DAVID,8/30/1979 6:00,16.0,-64.2,140,2068
1979238N12324,1979,DAVID,8/30/1979 12:00,16.3,-65.2,145,2068
1979238N12324,1979,DAVID,8/30/1979 18:00,16.6,-66.2,150,2068
1979238N12324,1979,DAVID,8/31/1979 0:00,16.8,-67.3,145,2068
1979238N12324,1979,DAVID,8/31/1979 6:00,17.0,-68.3,145,2068
1979238N12324,1979,DAVID,8/31/1979 12:00,17.2,-69.1,145,2068
1979238N12324,1979,DAVID,8/31/1979 18:00,17.9,-69.7,150,2068
1979238N12324,1979,DAVID,9/1/1979 0:00,18.8,-70.4,130,2068
1979238N12324,1979,DAVID,9/1/1979 6:00,19.3,-72.0,100,2068
1979238N12324,1979,DAVID,9/1/1979 12:00,19.7,-73.7,65,2068
1979238N12324,1979,DAVID,9/1/1979 18:00,20.6,-74.6,60,2068
1979238N12324,1979,DAVID,9/2/1979 0:00,21.3,-75.2,65,2068
1979238N12324,1979,DAVID,9/2/1979 6:00,21.9,-75.5,70,2068
1979238N12324,1979,DAVID,9/2/1979 12:00,23.0,-76.3,70,2068
1979238N12324,1979,DAVID,9/2/1979 18:00,23.9,-77.4,75,2068
1979238N12324,1979,DAVID,9/3/1979 0:00,24.6,-78.2,80,2068
1979238N12324,1979,DAVID,9/3/1979 6:00,25.3,-79.1,80,2068
1979238N12324,1979,DAVID,9/3/1979 12:00,26.3,-79.6,85,2068
1979238N12324,1979,DAVID,9/3/1979 18:00,27.2,-80.2,85,2068
1979238N12324,1979,DAVID,9/4/1979 0:00,28.0,-80.5,85,2068
1979238N12324,1979,DAVID,9/4/1979 6:00,29.1,-80.8,85,2068
1979238N12324,1979,DAVID,9/4/1979 12:00,30.2,-80.9,85,2068
1979238N12324,1979,DAVID,9/4/1979 18:00,31.5,-81.2,80,2068
1979238N12324,1979,DAVID,9/5/1979 0:00,32.5,-81.1,65,2068
1979238N12324,1979,DAVID,9/5/1979 6:00,33.5,-80.9,55,2068
1979238N12324,1979,DAVID,9/5/1979 12:00,34.9,-80.6,45,2068
1979238N12324,1979,DAVID,9/5/1979 18:00,36.2,-80.1,40,2068
1979238N12324,1979,DAVID,9/6/1979 0:00,37.6,-79.5,40,2068
1979238N12324,1979,DAVID,9/6/1979 6:00,39.2,-78.5,40,2068
1979238N12324,1979,DAVID,9/6/1979 12:00,41.5,-76.3,40,2068
1994313N12278,1994,GORDON,11/8/1994 12:00,11.9,-82.3,25,1152
1994313N12278,1994,GORDON,11/8/1994 18:00,12.0,-82.5,25,1152
1994313N12278,1994,GORDON,11/9/1994 0:00,12.3,-82.8,30,1152
1994313N12278,1994,GORDON,11/9/1994 6:00,12.5,-83.0,30,1152
1994313N12278,1994,GORDON,11/9/1994 12:00,12.8,-83.2,30,1152
1994313N12278,1994,GORDON,11/9/1994 18:00,13.2,-83.4,30,1152
1994313N12278,1994,GORDON,11/10/1994 0:00,13.6,-83.4,30,1152
1994313N12278,1994,GORDON,11/10/1994 6:00,14.0,-83.4,30,1152
1994313N12278,1994,GORDON,11/10/1994 12:00,14.3,-83.2,30,1152
1994313N12278,1994,GORDON,11/10/1994 18:00,14.6,-82.7,35,1152
1994313N12278,1994,GORDON,11/11/1994 0:00,15.1,-82.4,35,1152
1994313N12278,1994,GORDON,11/11/1994 6:00,15.7,-82.3,35,1152
1994313N12278,1994,GORDON,11/11/1994 12:00,16.3,-82.2,35,1152
1994313N12278,1994,GORDON,11/11/1994 18:00,16.9,-81.5,35,1152
1994313N12278,1994,GORDON,11/12/1994 0:00,17.2,-80.8,40,1152
1994313N12278,1994,GORDON,11/12/1994 6:00,17.4,-80.2,40,1152
1994313N12278,1994,GORDON,11/12/1994 12:00,17.5,-79.8,40,1152
1994313N12278,1994,GORDON,11/12/1994 18:00,17.4,-79.2,35,1152
1994313N12278,1994,GORDON,11/13/1994 0:00,17.6,-77.9,35,1152
1994313N12278,1994,GORDON,11/13/1994 3:00,17.9,-76.8,35,1152
1994313N12278,1994,GORDON,11/13/1994 6:00,18.3,-76.0,40,1152
1994313N12278,1994,GORDON,11/13/1994 12:00,19.9,-75.0,40,1152
1994313N12278,1994,GORDON,11/13/1994 13:00,20.0,-74.9,40,1152
1994313N12278,1994,GORDON,11/13/1994 18:00,21.5,-75.4,40,1152
1994313N12278,1994,GORDON,11/14/1994 0:00,22.1,-76.3,40,1152
1994313N12278,1994,GORDON,11/14/1994 6:00,22.7,-77.5,45,1152
1994313N12278,1994,GORDON,11/14/1994 12:00,23.2,-78.3,45,1152
1994313N12278,1994,GORDON,11/14/1994 18:00,23.4,-79.1,45,1152
1994313N12278,1994,GORDON,11/15/1994 0:00,23.6,-79.9,45,1152
1994313N12278,1994,GORDON,11/15/1994 6:00,23.9,-80.8,45,1152
1994313N12278,1994,GORDON,11/15/1994 12:00,24.5,-81.6,45,1152
1994313N12278,1994,GORDON,11/15/1994 13:00,24.6,-81.7,45,1152
1994313N12278,1994,GORDON,11/15/1994 18:00,24.9,-82.1,45,1152
1994313N12278,1994,GORDON,11/16/1994 0:00,25.4,-82.5,45,1152
1994313N12278,1994,GORDON,11/16/1994 6:00,25.7,-82.4,45,1152
1994313N12278,1994,GORDON,11/16/1994 12:00,26.4,-82.0,45,1152
1994313N12278,1994,GORDON,11/16/1994 13:00,26.5,-81.9,45,1152
1994313N12278,1994,GORDON,11/16/1994 18:00,27.1,-81.4,45,1152
1994313N12278,1994,GORDON,11/17/1994 0:00,28.0,-80.0,55,1152
1994313N12278,1994,GORDON,11/17/1994 6:00,29.0,-78.5,55,1152
1994313N12278,1994,GORDON,11/17/1994 12:00,30.0,-76.7,60,1152
1994313N12278,1994,GORDON,11/17/1994 18:00,31.5,-74.8,65,1152
1994313N12278,1994,GORDON,11/18/1994 0:00,33.1,-74.2,75,1152
1994313N12278,1994,GORDON,11/18/1994 6:00,33.5,-74.7,70,1152
1994313N12278,1994,GORDON,11/18/1994 12:00,33.7,-75.7,70,1152
1994313N12278,1994,GORDON,11/18/1994 18:00,33.2,-75.9,60,1152
1994313N12278,1994,GORDON,11/19/1994 0:00,32.5,-75.5,50,1152
1994313N12278,1994,GORDON,11/19/1994 6:00,31.6,-75.0,45,1152
1994313N12278,1994,GORDON,11/19/1994 12:00,31.1,-74.8,40,1152
1994313N12278,1994,GORDON,11/19/1994 18:00,30.4,-75.0,35,1152
1994313N12278,1994,GORDON,11/20/1994 0:00,29.8,-75.3,35,1152
1994313N12278,1994,GORDON,11/20/1994 6:00,28.9,-76.2,30,1152
1994313N12278,1994,GORDON,11/20/1994 12:00,28.4,-77.2,30,1152
1994313N12278,1994,GORDON,11/20/1994 18:00,28.2,-78.6,25,1152
1994313N12278,1994,GORDON,11/21/1994 0:00,28.2,-79.8,25,1152
1994313N12278,1994,GORDON,11/21/1994 3:00,28.5,-80.6,25,1152
1994313N12278,1994,GORDON,11/21/1994 6:00,29.2,-81.5,20,1152
1994313N12278,1994,GORDON,11/21/1994 12:00,31.3,-81.8,20,1152
1994313N12278,1994,GORDON,11/21/1994 18:00,34.1,-79.8,20,1152
1998295N12284,1998,MITCH,10/22/1998 0:00,11.6,-76.1,30,15000
1998295N12284,1998,MITCH,10/22/1998 6:00,11.9,-77.1,30,15000
1998295N12284,1998,MITCH,10/22/1998 12:00,12.0,-77.9,30,15000
1998295N12284,1998,MITCH,10/22/1998 18:00,11.6,-77.9,35,15000
1998295N12284,1998,MITCH,10/23/1998 0:00,11.8,-77.6,40,15000
1998295N12284,1998,MITCH,10/23/1998 6:00,12.2,-77.6,45,15000
1998295N12284,1998,MITCH,10/23/1998 12:00,12.5,-77.8,45,15000
1998295N12284,1998,MITCH,10/23/1998 18:00,12.9,-78.0,50,15000
1998295N12284,1998,MITCH,10/24/1998 0:00,13.4,-77.9,55,15000
1998295N12284,1998,MITCH,10/24/1998 6:00,13.9,-77.8,65,15000
1998295N12284,1998,MITCH,10/24/1998 12:00,14.5,-77.9,75,15000
1998295N12284,1998,MITCH,10/24/1998 18:00,15.0,-78.1,90,15000
1998295N12284,1998,MITCH,10/25/1998 0:00,15.5,-78.4,100,15000
1998295N12284,1998,MITCH,10/25/1998 6:00,16.0,-78.9,105,15000
1998295N12284,1998,MITCH,10/25/1998 12:00,16.2,-79.6,115,15000
1998295N12284,1998,MITCH,10/25/1998 18:00,16.4,-80.3,125,15000
1998295N12284,1998,MITCH,10/26/1998 0:00,16.4,-81.0,130,15000
1998295N12284,1998,MITCH,10/26/1998 6:00,16.4,-81.8,135,15000
1998295N12284,1998,MITCH,10/26/1998 12:00,16.6,-82.6,145,15000
1998295N12284,1998,MITCH,10/26/1998 18:00,16.9,-83.1,155,15000
1998295N12284,1998,MITCH,10/27/1998 0:00,17.2,-83.8,155,15000
1998295N12284,1998,MITCH,10/27/1998 6:00,17.3,-84.4,150,15000
1998295N12284,1998,MITCH,10/27/1998 12:00,17.1,-85.0,150,15000
1998295N12284,1998,MITCH,10/27/1998 18:00,16.9,-85.4,145,15000
1998295N12284,1998,MITCH,10/28/1998 0:00,16.6,-85.6,140,15000
1998295N12284,1998,MITCH,10/28/1998 6:00,16.3,-85.6,130,15000
1998295N12284,1998,MITCH,10/28/1998 12:00,16.3,-85.6,115,15000
1998295N12284,1998,MITCH,10/28/1998 18:00,16.3,-85.7,95,15000
1998295N12284,1998,MITCH,10/29/1998 0:00,16.2,-85.8,85,15000
1998295N12284,1998,MITCH,10/29/1998 6:00,16.1,-85.8,75,15000
1998295N12284,1998,MITCH,10/29/1998 12:00,15.9,-85.7,70,15000
1998295N12284,1998,MITCH,10/29/1998 18:00,15.8,-85.6,60,15000
1998295N12284,1998,MITCH,10/30/1998 0:00,15.6,-85.7,55,15000
1998295N12284,1998,MITCH,10/30/1998 6:00,15.4,-85.9,50,15000
1998295N12284,1998,MITCH,10/30/1998 12:00,15.2,-86.1,45,15000
1998295N12284,1998,MITCH,10/30/1998 18:00,14.9,-86.5,45,15000
1998295N12284,1998,MITCH,10/31/1998 0:00,14.7,-87.0,45,15000
1998295N12284,1998,MITCH,10/31/1998 6:00,14.5,-87.7,40,15000
1998295N12284,1998,MITCH,10/31/1998 12:00,14.5,-88.5,35,15000
1998295N12284,1998,MITCH,10/31/1998 18:00,14.6,-89.2,30,15000
1998295N12284,1998,MITCH,11/1/1998 0:00,14.6,-90.0,30,15000
1998295N12284,1998,MITCH,11/1/1998 6:00,14.7,-90.8,25,15000
1998295N12284,1998,MITCH,11/1/1998 12:00,14.9,-91.5,25,15000
1998295N12284,1998,MITCH,11/1/1998 18:00,15.5,-92.2,25,15000
1998295N12284,1998,MITCH,11/3/1998 18:00,19.6,-91.4,40,15000
1998295N12284,1998,MITCH,11/4/1998 0:00,20.0,-90.6,35,15000
1998295N12284,1998,MITCH,11/4/1998 2:00,20.1,-90.5,35,15000
1998295N12284,1998,MITCH,11/4/1998 6:00,20.8,-89.6,30,15000
1998295N12284,1998,MITCH,11/4/1998 12:00,21.8,-88.2,40,15000
1998295N12284,1998,MITCH,11/4/1998 18:00,23.3,-86.5,40,15000
1998295N12284,1998,MITCH,11/5/1998 0:00,24.8,-84.8,45,15000
1998295N12284,1998,MITCH,11/5/1998 6:00,25.6,-83.1,50,15000
1998295N12284,1998,MITCH,11/5/1998 11:00,26.2,-81.9,55,15000
1998295N12284,1998,MITCH,11/5/1998 12:00,26.6,-81.3,55,15000
2004258N16300,2004,JEANNE,9/13/2004 18:00,15.9,-60.0,25,3037
2004258N16300,2004,JEANNE,9/14/2004 0:00,16.0,-60.7,25,3037
2004258N16300,2004,JEANNE,9/14/2004 4:00,16.2,-61.3,30,3037
2004258N16300,2004,JEANNE,9/14/2004 6:00,16.3,-61.5,30,3037
2004258N16300,2004,JEANNE,9/14/2004 12:00,16.4,-62.6,35,3037
2004258N16300,2004,JEANNE,9/14/2004 18:00,16.7,-63.5,50,3037
2004258N16300,2004,JEANNE,9/15/2004 0:00,17.1,-64.0,55,3037
2004258N16300,2004,JEANNE,9/15/2004 6:00,17.2,-64.8,55,3037
2004258N16300,2004,JEANNE,9/15/2004 12:00,17.6,-65.4,60,3037
2004258N16300,2004,JEANNE,9/15/2004 16:00,18.0,-66.0,60,3037
2004258N16300,2004,JEANNE,9/15/2004 18:00,18.1,-66.2,60,3037
2004258N16300,2004,JEANNE,9/16/2004 0:00,18.5,-67.1,60,3037
2004258N16300,2004,JEANNE,9/16/2004 6:00,18.6,-67.8,60,3037
2004258N16300,2004,JEANNE,9/16/2004 11:00,18.6,-68.3,70,3037
2004258N16300,2004,JEANNE,9/16/2004 12:00,18.6,-68.5,70,3037
2004258N16300,2004,JEANNE,9/16/2004 18:00,18.8,-69.0,65,3037
2004258N16300,2004,JEANNE,9/17/2004 0:00,19.2,-69.4,60,3037
2004258N16300,2004,JEANNE,9/17/2004 6:00,19.4,-69.9,55,3037
2004258N16300,2004,JEANNE,9/17/2004 12:00,19.7,-70.7,50,3037
2004258N16300,2004,JEANNE,9/17/2004 18:00,20.0,-71.6,30,3037
2004258N16300,2004,JEANNE,9/18/2004 0:00,20.2,-72.0,40,3037
2004258N16300,2004,JEANNE,9/18/2004 6:00,20.4,-72.5,45,3037
2004258N16300,2004,JEANNE,9/18/2004 12:00,21.2,-72.8,45,3037
2004258N16300,2004,JEANNE,9/18/2004 18:00,21.7,-72.3,40,3037
2004258N16300,2004,JEANNE,9/19/2004 0:00,22.2,-72.2,40,3037
2004258N16300,2004,JEANNE,9/19/2004 6:00,22.8,-72.3,40,3037
2004258N16300,2004,JEANNE,9/19/2004 12:00,23.5,-72.5,40,3037
2004258N16300,2004,JEANNE,9/19/2004 18:00,24.2,-72.3,45,3037
2004258N16300,2004,JEANNE,9/20/2004 0:00,24.8,-72.1,50,3037
2004258N16300,2004,JEANNE,9/20/2004 6:00,25.5,-72.0,55,3037
2004258N16300,2004,JEANNE,9/20/2004 12:00,26.6,-71.7,60,3037
2004258N16300,2004,JEANNE,9/20/2004 18:00,27.2,-71.4,75,3037
2004258N16300,2004,JEANNE,9/21/2004 0:00,27.4,-70.8,75,3037
2004258N16300,2004,JEANNE,9/21/2004 6:00,27.6,-70.2,75,3037
2004258N16300,2004,JEANNE,9/21/2004 12:00,27.6,-69.5,75,3037
2004258N16300,2004,JEANNE,9/21/2004 18:00,27.4,-69.2,75,3037
2004258N16300,2004,JEANNE,9/22/2004 0:00,27.2,-68.9,80,3037
2004258N16300,2004,JEANNE,9/22/2004 6:00,26.8,-68.7,85,3037
2004258N16300,2004,JEANNE,9/22/2004 12:00,26.5,-68.5,85,3037
2004258N16300,2004,JEANNE,9/22/2004 18:00,26.2,-68.8,85,3037
2004258N16300,2004,JEANNE,9/23/2004 0:00,25.7,-69.0,85,3037
2004258N16300,2004,JEANNE,9/23/2004 6:00,25.5,-69.3,85,3037
2004258N16300,2004,JEANNE,9/23/2004 12:00,25.5,-69.6,80,3037
2004258N16300,2004,JEANNE,9/23/2004 18:00,25.8,-70.0,75,3037
2004258N16300,2004,JEANNE,9/24/2004 0:00,26.0,-70.4,70,3037
2004258N16300,2004,JEANNE,9/24/2004 6:00,26.1,-71.2,75,3037
2004258N16300,2004,JEANNE,9/24/2004 12:00,26.2,-72.2,80,3037
2004258N16300,2004,JEANNE,9/24/2004 18:00,26.4,-73.1,85,3037
2004258N16300,2004,JEANNE,9/25/2004 0:00,26.4,-74.3,85,3037
2004258N16300,2004,JEANNE,9/25/2004 6:00,26.5,-75.6,90,3037
2004258N16300,2004,JEANNE,9/25/2004 12:00,26.6,-76.9,100,3037
2004258N16300,2004,JEANNE,9/25/2004 14:00,26.7,-77.3,100,3037
2004258N16300,2004,JEANNE,9/25/2004 18:00,26.9,-78.2,105,3037
2004258N16300,2004,JEANNE,9/26/2004 0:00,27.1,-79.4,105,3037
2004258N16300,2004,JEANNE,9/26/2004 4:00,27.2,-80.2,105,3037
2004258N16300,2004,JEANNE,9/26/2004 6:00,27.3,-80.6,95,3037
2004258N16300,2004,JEANNE,9/26/2004 12:00,27.7,-81.6,75,3037
2004258N16300,2004,JEANNE,9/26/2004 18:00,28.3,-82.3,55,3037
2004258N16300,2004,JEANNE,9/27/2004 0:00,29.3,-82.7,45,3037
2004258N16300,2004,JEANNE,9/27/2004 6:00,30.1,-83.3,40,3037
2004258N16300,2004,JEANNE,9/27/2004 12:00,31.1,-83.9,35,3037
2004258N16300,2004,JEANNE,9/27/2004 18:00,32.5,-83.6,30,3037
2004258N16300,2004,JEANNE,9/28/2004 0:00,33.2,-83.2,25,3037
2004258N16300,2004,JEANNE,9/28/2004 6:00,34.1,-82.4,20,3037
2004258N16300,2004,JEANNE,9/28/2004 12:00,35.4,-81.0,20,3037
2004258N16300,2004,JEANNE,9/28/2004 18:00,37.3,-78.4,25,3037
2005236N23285,2005,KATRINA,8/23/2005 18:00,23.1,-75.1,30,1836
2005236N23285,2005,KATRINA,8/24/2005 0:00,23.4,-75.7,30,1836
2005236N23285,2005,KATRINA,8/24/2005 6:00,23.8,-76.2,30,1836
2005236N23285,2005,KATRINA,8/24/2005 12:00,24.5,-76.5,35,1836
2005236N23285,2005,KATRINA,8/24/2005 18:00,25.4,-76.9,40,1836
2005236N23285,2005,KATRINA,8/25/2005 0:00,26.0,-77.7,45,1836
2005236N23285,2005,KATRINA,8/25/2005 6:00,26.1,-78.4,50,1836
2005236N23285,2005,KATRINA,8/25/2005 12:00,26.2,-79.0,55,1836
2005236N23285,2005,KATRINA,8/25/2005 18:00,26.2,-79.6,60,1836
2005236N23285,2005,KATRINA,8/25/2005 22:30,26.0,-80.1,70,1836
2005236N23285,2005,KATRINA,8/26/2005 0:00,25.9,-80.3,70,1836
2005236N23285,2005,KATRINA,8/26/2005 6:00,25.4,-81.3,65,1836
2005236N23285,2005,KATRINA,8/26/2005 12:00,25.1,-82.0,75,1836
2005236N23285,2005,KATRINA,8/26/2005 18:00,24.9,-82.6,85,1836
2005236N23285,2005,KATRINA,8/27/2005 0:00,24.6,-83.3,90,1836
2005236N23285,2005,KATRINA,8/27/2005 6:00,24.4,-84.0,95,1836
2005236N23285,2005,KATRINA,8/27/2005 12:00,24.4,-84.7,100,1836
2005236N23285,2005,KATRINA,8/27/2005 18:00,24.5,-85.3,100,1836
2005236N23285,2005,KATRINA,8/28/2005 0:00,24.8,-85.9,100,1836
2005236N23285,2005,KATRINA,8/28/2005 6:00,25.2,-86.7,125,1836
2005236N23285,2005,KATRINA,8/28/2005 12:00,25.7,-87.7,145,1836
2005236N23285,2005,KATRINA,8/28/2005 18:00,26.3,-88.6,150,1836
2005236N23285,2005,KATRINA,8/29/2005 0:00,27.2,-89.2,140,1836
2005236N23285,2005,KATRINA,8/29/2005 6:00,28.2,-89.6,125,1836
2005236N23285,2005,KATRINA,8/29/2005 11:10,29.3,-89.6,110,1836
2005236N23285,2005,KATRINA,8/29/2005 12:00,29.5,-89.6,110,1836
2005236N23285,2005,KATRINA,8/29/2005 14:45,30.2,-89.6,105,1836
2005236N23285,2005,KATRINA,8/29/2005 18:00,31.1,-89.6,80,1836
2005236N23285,2005,KATRINA,8/30/2005 0:00,32.6,-89.1,50,1836
2005236N23285,2005,KATRINA,8/30/2005 6:00,34.1,-88.6,40,1836
2005236N23285,2005,KATRINA,8/30/2005 12:00,35.6,-88.0,30,1836
2005236N23285,2005,KATRINA,8/30/2005 18:00,37.0,-87.0,30,1836
2005275N19274,2005,STAN,10/1/2005 12:00,18.9,-85.6,25,1668
2005275N19274,2005,STAN,10/1/2005 18:00,19.1,-86.2,30,1668
2005275N19274,2005,STAN,10/2/2005 0:00,19.3,-86.7,30,1668
2005275N19274,2005,STAN,10/2/2005 6:00,19.5,-87.2,40,1668
2005275N19274,2005,STAN,10/2/2005 10:00,19.6,-87.5,35,1668
2005275N19274,2005,STAN,10/2/2005 12:00,19.8,-87.9,35,1668
2005275N19274,2005,STAN,10/2/2005 18:00,20.3,-88.8,35,1668
2005275N19274,2005,STAN,10/3/2005 0:00,20.5,-89.8,30,1668
2005275N19274,2005,STAN,10/3/2005 6:00,20.5,-91.0,35,1668
2005275N19274,2005,STAN,10/3/2005 12:00,20.3,-91.7,40,1668
2005275N19274,2005,STAN,10/3/2005 18:00,20.1,-92.2,50,1668
2005275N19274,2005,STAN,10/4/2005 0:00,19.8,-93.2,55,1668
2005275N19274,2005,STAN,10/4/2005 6:00,19.2,-94.1,65,1668
2005275N19274,2005,STAN,10/4/2005 12:00,18.6,-94.9,70,1668
2005275N19274,2005,STAN,10/4/2005 18:00,17.9,-95.6,45,1668
2005275N19274,2005,STAN,10/5/2005 0:00,17.2,-96.4,30,1668
2005275N19274,2005,STAN,10/5/2005 6:00,16.9,-97.0,25,1668
